/*
Navicat MySQL Data Transfer

Source Server         : localhost_3306
Source Server Version : 50717
Source Host           : localhost:3306
Source Database       : cns

Target Server Type    : MYSQL
Target Server Version : 50717
File Encoding         : 65001

Date: 2018-03-20 12:52:47
*/

SET FOREIGN_KEY_CHECKS=0;

-- ----------------------------
-- Table structure for department
-- ----------------------------
DROP TABLE IF EXISTS `department`;
CREATE TABLE `department` (
  `id` int(11) NOT NULL AUTO_INCREMENT,
  `name` varchar(32) DEFAULT NULL COMMENT '部门名称',
  `parentId` int(11) DEFAULT NULL,
  `depPath` varchar(255) DEFAULT NULL,
  `enabled` tinyint(1) DEFAULT '1',
  `isParent` tinyint(1) DEFAULT '0',
  PRIMARY KEY (`id`)
) ENGINE=InnoDB AUTO_INCREMENT=93 DEFAULT CHARSET=utf8;

-- ----------------------------
-- Records of department
-- ----------------------------
INSERT INTO `department` VALUES ('1', '辽宁石油化工大学', '-1', '.1', '1', '1');
INSERT INTO `department` VALUES ('4', '校团委', '1', '.1.4', '1', '1');
INSERT INTO `department` VALUES ('5', '校学生会', '4', '.1.4.5', '1', '1');
INSERT INTO `department` VALUES ('8', '计算机与通信工程学院', '5', '.1.4.5.8', '1', '0');

-- ----------------------------
-- Table structure for employee
-- ----------------------------
DROP TABLE IF EXISTS `employee`;
CREATE TABLE `employee` (
  `id` int(11) NOT NULL AUTO_INCREMENT COMMENT '员工编号',
  `name` varchar(10) DEFAULT NULL COMMENT '员工姓名',
  `gender` char(4) DEFAULT NULL COMMENT '性别',
  `birthday` date DEFAULT NULL COMMENT '出生日期',
  `idCard` char(18) DEFAULT NULL COMMENT '身份证号',
  `wedlock` enum('已婚','未婚','离异') DEFAULT NULL COMMENT '婚姻状况',
  `nationId` int(8) DEFAULT NULL COMMENT '民族',
  `nativePlace` varchar(20) DEFAULT NULL COMMENT '籍贯',
  `politicId` int(8) DEFAULT NULL COMMENT '政治面貌',
  `email` varchar(20) DEFAULT NULL COMMENT '邮箱',
  `phone` varchar(11) DEFAULT NULL COMMENT '电话号码',
  `address` varchar(64) DEFAULT NULL COMMENT '联系地址',
  `departmentId` int(11) DEFAULT NULL COMMENT '所属部门',
  `jobLevelId` int(11) DEFAULT NULL COMMENT '职称ID',
  `posId` int(11) DEFAULT NULL COMMENT '职位ID',
  `engageForm` varchar(8) DEFAULT NULL COMMENT '聘用形式',
  `tiptopDegree` enum('博士','硕士','本科','大专','高中','初中','小学','其他') DEFAULT NULL COMMENT '最高学历',
  `specialty` varchar(32) DEFAULT NULL COMMENT '所属专业',
  `school` varchar(32) DEFAULT NULL COMMENT '毕业院校',
  `beginDate` date DEFAULT NULL COMMENT '入职日期',
  `workState` enum('在职','离职') DEFAULT '在职' COMMENT '在职状态',
  `workID` char(8) DEFAULT NULL COMMENT '工号',
  `contractTerm` double DEFAULT NULL COMMENT '合同期限',
  `conversionTime` date DEFAULT NULL COMMENT '转正日期',
  `notWorkDate` date DEFAULT NULL COMMENT '离职日期',
  `beginContract` date DEFAULT NULL COMMENT '合同起始日期',
  `endContract` date DEFAULT NULL COMMENT '合同终止日期',
  `workAge` int(11) DEFAULT NULL COMMENT '工龄',
  PRIMARY KEY (`id`),
  KEY `departmentId` (`departmentId`),
  KEY `jobId` (`jobLevelId`),
  KEY `dutyId` (`posId`),
  KEY `nationId` (`nationId`),
  KEY `politicId` (`politicId`),
  KEY `workID_key` (`workID`),
  CONSTRAINT `employee_ibfk_1` FOREIGN KEY (`departmentId`) REFERENCES `department` (`id`),
  CONSTRAINT `employee_ibfk_2` FOREIGN KEY (`jobLevelId`) REFERENCES `joblevel` (`id`),
  CONSTRAINT `employee_ibfk_3` FOREIGN KEY (`posId`) REFERENCES `position` (`id`),
  CONSTRAINT `employee_ibfk_4` FOREIGN KEY (`nationId`) REFERENCES `nation` (`id`),
  CONSTRAINT `employee_ibfk_5` FOREIGN KEY (`politicId`) REFERENCES `politicsstatus` (`id`)
) ENGINE=InnoDB AUTO_INCREMENT=1520 DEFAULT CHARSET=utf8;

-- ----------------------------
-- Records of employee
-- ----------------------------

-- ----------------------------
-- Table structure for hr
-- ----------------------------
DROP TABLE IF EXISTS `hr`;
CREATE TABLE `hr` (
  `id` int(11) NOT NULL AUTO_INCREMENT COMMENT 'hrID',
  `name` varchar(32) DEFAULT NULL COMMENT '姓名',
  `phone` char(11) DEFAULT NULL COMMENT '手机号码',
  `telephone` varchar(16) DEFAULT NULL COMMENT '住宅电话',
  `address` varchar(64) DEFAULT NULL COMMENT '联系地址',
  `enabled` tinyint(1) DEFAULT '1',
  `username` varchar(255) DEFAULT NULL COMMENT '用户名',
  `password` varchar(255) DEFAULT NULL COMMENT '密码',
  `userface` varchar(255) DEFAULT NULL,
  `remark` varchar(255) DEFAULT NULL,
  PRIMARY KEY (`id`)
) ENGINE=InnoDB AUTO_INCREMENT=13 DEFAULT CHARSET=utf8;

-- ----------------------------
-- Records of hr
-- ----------------------------
INSERT INTO `hr` VALUES ('1', '系统管理员', '18568887789', '029-82881234', '深圳南山', '1', 'admin', '$2a$10$ySG2lkvjFHY5O0./CPIE1OI8VJsuKYEzOYzqIa7AJR6sEgSzUFOAm', 'http://bpic.588ku.com/element_pic/01/40/00/64573ce2edc0728.jpg', null);
INSERT INTO `hr` VALUES ('2', '李白', '18568123489', '029-82123434', '海口美兰', '1', 'libai', '$2a$10$oE39aG10kB/rFu2vQeCJTu/V/v4n6DRR0f8WyXRiAYvBpmadoOBE.', 'https://timgsa.baidu.com/timg?image&quality=80&size=b9999_10000&sec=1514093920321&di=913e88c23f382933ef430024afd9128a&imgtype=0&src=http%3A%2F%2Fp.3761.com%2Fpic%2F9771429316733.jpg', null);
INSERT INTO `hr` VALUES ('3', '韩愈', '18568123666', '029-82111555', '广州番禺', '1', 'hanyu', '$2a$10$oE39aG10kB/rFu2vQeCJTu/V/v4n6DRR0f8WyXRiAYvBpmadoOBE.', 'https://ss3.bdstatic.com/70cFv8Sh_Q1YnxGkpoWK1HF6hhy/it/u=1406745149,1563524794&fm=27&gp=0.jpg', null);
INSERT INTO `hr` VALUES ('4', '柳宗元', '18568123377', '029-82111333', '广州天河', '1', 'liuzongyuan', '$2a$10$oE39aG10kB/rFu2vQeCJTu/V/v4n6DRR0f8WyXRiAYvBpmadoOBE.', 'https://timgsa.baidu.com/timg?image&quality=80&size=b9999_10000&sec=1515233756&di=0856d923a0a37a87fd26604a2c871370&imgtype=jpg&er=1&src=http%3A%2F%2Fwww.qqzhi.com%2Fuploadpic%2F2014-09-27%2F041716704.jpg', null);
INSERT INTO `hr` VALUES ('5', '林允儿', '18568128888', '029-82111222', '韩国首尔', '1', 'linyuner', '$2a$10$oE39aG10kB/rFu2vQeCJTu/V/v4n6DRR0f8WyXRiAYvBpmadoOBE.', 'https://timgsa.baidu.com/timg?image&quality=80&size=b9999_10000&sec=1521530896936&di=144e5e8fd8eaa6f9a23c3a2ebd6089d5&imgtype=0&src=http%3A%2F%2Fimg4q.duitang.com%2Fuploads%2Fitem%2F201506%2F01%2F20150601194711_2Tcha.jpeg', null);

-- ----------------------------
-- Table structure for hr_role
-- ----------------------------
DROP TABLE IF EXISTS `hr_role`;
CREATE TABLE `hr_role` (
  `id` int(11) NOT NULL AUTO_INCREMENT,
  `hrid` int(11) DEFAULT NULL,
  `rid` int(11) DEFAULT NULL,
  PRIMARY KEY (`id`),
  KEY `rid` (`rid`),
  KEY `hr_role_ibfk_1` (`hrid`),
  CONSTRAINT `hr_role_ibfk_1` FOREIGN KEY (`hrid`) REFERENCES `hr` (`id`) ON DELETE CASCADE,
  CONSTRAINT `hr_role_ibfk_2` FOREIGN KEY (`rid`) REFERENCES `role` (`id`)
) ENGINE=InnoDB AUTO_INCREMENT=50 DEFAULT CHARSET=utf8;

-- ----------------------------
-- Records of hr_role
-- ----------------------------
INSERT INTO `hr_role` VALUES ('1', '1', '1');
INSERT INTO `hr_role` VALUES ('2', '2', '2');
INSERT INTO `hr_role` VALUES ('3', '3', '3');
INSERT INTO `hr_role` VALUES ('4', '4', '4');
INSERT INTO `hr_role` VALUES ('5', '5', '5');
INSERT INTO `hr_role` VALUES ('6', '5', '6');

-- ----------------------------
-- Table structure for joblevel
-- ----------------------------
DROP TABLE IF EXISTS `joblevel`;
CREATE TABLE `joblevel` (
  `id` int(11) NOT NULL AUTO_INCREMENT,
  `name` varchar(32) DEFAULT NULL COMMENT '职称名称',
  `titleLevel` enum('正高级','副高级','中级','初级','员级') DEFAULT NULL,
  `createDate` timestamp NULL DEFAULT CURRENT_TIMESTAMP,
  `enabled` tinyint(1) DEFAULT '1',
  PRIMARY KEY (`id`)
) ENGINE=InnoDB AUTO_INCREMENT=18 DEFAULT CHARSET=utf8;

-- ----------------------------
-- Records of joblevel
-- ----------------------------
INSERT INTO `joblevel` VALUES ('9', '教授', '正高级', '2018-01-11 21:19:14', '1');
INSERT INTO `joblevel` VALUES ('10', '副教授', '副高级', '2018-01-11 21:19:20', '1');
INSERT INTO `joblevel` VALUES ('12', '助教', '初级', '2018-01-11 21:35:39', '1');
INSERT INTO `joblevel` VALUES ('13', '讲师', '中级', '2018-01-11 22:42:12', '1');

-- ----------------------------
-- Table structure for menu
-- ----------------------------
DROP TABLE IF EXISTS `menu`;
CREATE TABLE `menu` (
  `id` int(11) NOT NULL AUTO_INCREMENT,
  `url` varchar(64) DEFAULT NULL,
  `path` varchar(64) DEFAULT NULL,
  `component` varchar(64) DEFAULT NULL,
  `name` varchar(64) DEFAULT NULL,
  `iconCls` varchar(64) DEFAULT NULL,
  `keepAlive` tinyint(1) DEFAULT NULL,
  `requireAuth` tinyint(1) DEFAULT NULL,
  `parentId` int(11) DEFAULT NULL,
  `enabled` tinyint(1) DEFAULT '1',
  PRIMARY KEY (`id`),
  KEY `parentId` (`parentId`),
  CONSTRAINT `menu_ibfk_1` FOREIGN KEY (`parentId`) REFERENCES `menu` (`id`)
) ENGINE=InnoDB AUTO_INCREMENT=29 DEFAULT CHARSET=utf8;

-- ----------------------------
-- Records of menu
-- ----------------------------
INSERT INTO `menu` VALUES ('1', '/', null, null, '所有', null, null, null, null, '1');
INSERT INTO `menu` VALUES ('2', '/', '/home', 'Home', '用户资料', 'fa fa-user-circle-o', null, '1', '1', '1');
INSERT INTO `menu` VALUES ('3', '/', '/home', 'Home', '导游管理', 'fa fa-address-card-o', null, '1', '1', '1');
INSERT INTO `menu` VALUES ('4', '/', '/home', 'Home', '图片管理', 'fa fa-money', null, '1', '1', '1');
INSERT INTO `menu` VALUES ('5', '/', '/home', 'Home', '地点管理', 'fa fa-bar-chart', null, '1', '1', '1');
INSERT INTO `menu` VALUES ('6', '/', '/home', 'Home', '系统管理', 'fa fa-windows', null, '1', '1', '1');
INSERT INTO `menu` VALUES ('7', '/user/basic/**', '/user/basic', 'EmpBasic', '基本资料', null, null, '1', '2', '1');
INSERT INTO `menu` VALUES ('8', '/user/advanced/**', '/user/adv', 'EmpAdv', '高级资料', null, null, '1', '2', '0');
INSERT INTO `menu` VALUES ('9', '/personnel/emp/**', '/per/emp', 'PerEmp', '导游管理', null, null, '1', '3', '0');
INSERT INTO `menu` VALUES ('10', '/personnel/remove/**', '/per/mv', 'PerMv', '导游事迹', null, null, '1', '3', '1');
INSERT INTO `menu` VALUES ('11', '/salary/sob/**', '/sal/sob', 'SalSob', '图片管理', null, null, '1', '4', '1');
INSERT INTO `menu` VALUES ('12', '/statistics/all/**', '/sta/all', 'StaAll', '地点管理', null, null, '1', '5', '1');
INSERT INTO `menu` VALUES ('13', '/system/basic/**', '/sys/basic', 'SysBasic', '基础信息设置', null, null, '1', '6', '1');
INSERT INTO `menu` VALUES ('14', '/system/log/**', '/sys/log', 'SysLog', '操作日志管理', null, null, '1', '6', '1');
INSERT INTO `menu` VALUES ('15', '/system/hr/**', '/sys/hr', 'SysHr', '操作员管理', null, null, '1', '6', '1');

-- ----------------------------
-- Table structure for menu_role
-- ----------------------------
DROP TABLE IF EXISTS `menu_role`;
CREATE TABLE `menu_role` (
  `id` int(11) NOT NULL AUTO_INCREMENT,
  `mid` int(11) DEFAULT NULL,
  `rid` int(11) DEFAULT NULL,
  PRIMARY KEY (`id`),
  KEY `mid` (`mid`),
  KEY `rid` (`rid`),
  CONSTRAINT `menu_role_ibfk_1` FOREIGN KEY (`mid`) REFERENCES `menu` (`id`),
  CONSTRAINT `menu_role_ibfk_2` FOREIGN KEY (`rid`) REFERENCES `role` (`id`)
) ENGINE=InnoDB AUTO_INCREMENT=300 DEFAULT CHARSET=utf8;

-- ----------------------------
-- Records of menu_role
-- ----------------------------
INSERT INTO `menu_role` VALUES ('1', '1', '1');
INSERT INTO `menu_role` VALUES ('2', '2', '1');
INSERT INTO `menu_role` VALUES ('3', '3', '1');
INSERT INTO `menu_role` VALUES ('4', '4', '1');
INSERT INTO `menu_role` VALUES ('5', '5', '1');
INSERT INTO `menu_role` VALUES ('6', '6', '1');
INSERT INTO `menu_role` VALUES ('7', '7', '1');
INSERT INTO `menu_role` VALUES ('8', '8', '1');
INSERT INTO `menu_role` VALUES ('9', '9', '1');
INSERT INTO `menu_role` VALUES ('10', '10', '1');
INSERT INTO `menu_role` VALUES ('11', '11', '1');
INSERT INTO `menu_role` VALUES ('12', '12', '1');
INSERT INTO `menu_role` VALUES ('13', '13', '1');
INSERT INTO `menu_role` VALUES ('14', '14', '1');
INSERT INTO `menu_role` VALUES ('15', '15', '1');
INSERT INTO `menu_role` VALUES ('297', '11', '2');
INSERT INTO `menu_role` VALUES ('298', '12', '3');
INSERT INTO `menu_role` VALUES ('299', '10', '4');

-- ----------------------------
-- Table structure for msgcontent
-- ----------------------------
DROP TABLE IF EXISTS `msgcontent`;
CREATE TABLE `msgcontent` (
  `id` int(11) NOT NULL AUTO_INCREMENT,
  `title` varchar(64) DEFAULT NULL,
  `message` varchar(255) DEFAULT NULL,
  `createDate` timestamp NOT NULL DEFAULT CURRENT_TIMESTAMP,
  PRIMARY KEY (`id`)
) ENGINE=InnoDB AUTO_INCREMENT=19 DEFAULT CHARSET=utf8;

-- ----------------------------
-- Records of msgcontent
-- ----------------------------
INSERT INTO `msgcontent` VALUES ('14', '2222222222', '11111111111111111', '2018-02-02 20:46:19');
INSERT INTO `msgcontent` VALUES ('15', '22222222', '3333333333333333333333', '2018-02-02 21:45:57');
INSERT INTO `msgcontent` VALUES ('16', '通知标题1', '通知内容1', '2018-02-03 11:41:39');
INSERT INTO `msgcontent` VALUES ('17', '通知标题2', '通知内容2', '2018-02-03 11:52:37');
INSERT INTO `msgcontent` VALUES ('18', '通知标题3', '通知内容3', '2018-02-03 12:19:41');

-- ----------------------------
-- Table structure for nation
-- ----------------------------
DROP TABLE IF EXISTS `nation`;
CREATE TABLE `nation` (
  `id` int(11) NOT NULL AUTO_INCREMENT,
  `name` varchar(32) DEFAULT NULL,
  PRIMARY KEY (`id`)
) ENGINE=InnoDB AUTO_INCREMENT=57 DEFAULT CHARSET=utf8;

-- ----------------------------
-- Records of nation
-- ----------------------------
INSERT INTO `nation` VALUES ('1', '汉族');
INSERT INTO `nation` VALUES ('2', '蒙古族');
INSERT INTO `nation` VALUES ('3', '回族');
INSERT INTO `nation` VALUES ('4', '藏族');
INSERT INTO `nation` VALUES ('5', '维吾尔族');
INSERT INTO `nation` VALUES ('6', '苗族');
INSERT INTO `nation` VALUES ('7', '彝族');
INSERT INTO `nation` VALUES ('8', '壮族');
INSERT INTO `nation` VALUES ('9', '布依族');
INSERT INTO `nation` VALUES ('10', '朝鲜族');
INSERT INTO `nation` VALUES ('11', '满族');
INSERT INTO `nation` VALUES ('12', '侗族');
INSERT INTO `nation` VALUES ('13', '瑶族');
INSERT INTO `nation` VALUES ('14', '白族');
INSERT INTO `nation` VALUES ('15', '土家族');
INSERT INTO `nation` VALUES ('16', '哈尼族');
INSERT INTO `nation` VALUES ('17', '哈萨克族');
INSERT INTO `nation` VALUES ('18', '傣族');
INSERT INTO `nation` VALUES ('19', '黎族');
INSERT INTO `nation` VALUES ('20', '傈僳族');
INSERT INTO `nation` VALUES ('21', '佤族');
INSERT INTO `nation` VALUES ('22', '畲族');
INSERT INTO `nation` VALUES ('23', '高山族');
INSERT INTO `nation` VALUES ('24', '拉祜族');
INSERT INTO `nation` VALUES ('25', '水族');
INSERT INTO `nation` VALUES ('26', '东乡族');
INSERT INTO `nation` VALUES ('27', '纳西族');
INSERT INTO `nation` VALUES ('28', '景颇族');
INSERT INTO `nation` VALUES ('29', '柯尔克孜族');
INSERT INTO `nation` VALUES ('30', '土族');
INSERT INTO `nation` VALUES ('31', '达斡尔族');
INSERT INTO `nation` VALUES ('32', '仫佬族');
INSERT INTO `nation` VALUES ('33', '羌族');
INSERT INTO `nation` VALUES ('34', '布朗族');
INSERT INTO `nation` VALUES ('35', '撒拉族');
INSERT INTO `nation` VALUES ('36', '毛难族');
INSERT INTO `nation` VALUES ('37', '仡佬族');
INSERT INTO `nation` VALUES ('38', '锡伯族');
INSERT INTO `nation` VALUES ('39', '阿昌族');
INSERT INTO `nation` VALUES ('40', '普米族');
INSERT INTO `nation` VALUES ('41', '塔吉克族');
INSERT INTO `nation` VALUES ('42', '怒族');
INSERT INTO `nation` VALUES ('43', '乌孜别克族');
INSERT INTO `nation` VALUES ('44', '俄罗斯族');
INSERT INTO `nation` VALUES ('45', '鄂温克族');
INSERT INTO `nation` VALUES ('46', '崩龙族');
INSERT INTO `nation` VALUES ('47', '保安族');
INSERT INTO `nation` VALUES ('48', '裕固族');
INSERT INTO `nation` VALUES ('49', '京族');
INSERT INTO `nation` VALUES ('50', '塔塔尔族');
INSERT INTO `nation` VALUES ('51', '独龙族');
INSERT INTO `nation` VALUES ('52', '鄂伦春族');
INSERT INTO `nation` VALUES ('53', '赫哲族');
INSERT INTO `nation` VALUES ('54', '门巴族');
INSERT INTO `nation` VALUES ('55', '珞巴族');
INSERT INTO `nation` VALUES ('56', '基诺族');

-- ----------------------------
-- Table structure for oplog
-- ----------------------------
DROP TABLE IF EXISTS `oplog`;
CREATE TABLE `oplog` (
  `id` int(11) NOT NULL AUTO_INCREMENT,
  `addDate` date DEFAULT NULL COMMENT '添加日期',
  `operate` varchar(255) DEFAULT NULL COMMENT '操作内容',
  `hrid` int(11) DEFAULT NULL COMMENT '操作员ID',
  PRIMARY KEY (`id`),
  KEY `hrid` (`hrid`),
  CONSTRAINT `oplog_ibfk_1` FOREIGN KEY (`hrid`) REFERENCES `hr` (`id`)
) ENGINE=InnoDB DEFAULT CHARSET=utf8;

-- ----------------------------
-- Records of oplog
-- ----------------------------

-- ----------------------------
-- Table structure for politicsstatus
-- ----------------------------
DROP TABLE IF EXISTS `politicsstatus`;
CREATE TABLE `politicsstatus` (
  `id` int(11) NOT NULL AUTO_INCREMENT,
  `name` varchar(32) DEFAULT NULL,
  PRIMARY KEY (`id`)
) ENGINE=InnoDB AUTO_INCREMENT=14 DEFAULT CHARSET=utf8;

-- ----------------------------
-- Records of politicsstatus
-- ----------------------------
INSERT INTO `politicsstatus` VALUES ('1', '中共党员');
INSERT INTO `politicsstatus` VALUES ('2', '中共预备党员');
INSERT INTO `politicsstatus` VALUES ('3', '共青团员');
INSERT INTO `politicsstatus` VALUES ('4', '民革党员');
INSERT INTO `politicsstatus` VALUES ('5', '民盟盟员');
INSERT INTO `politicsstatus` VALUES ('6', '民建会员');
INSERT INTO `politicsstatus` VALUES ('7', '民进会员');
INSERT INTO `politicsstatus` VALUES ('8', '农工党党员');
INSERT INTO `politicsstatus` VALUES ('9', '致公党党员');
INSERT INTO `politicsstatus` VALUES ('10', '九三学社社员');
INSERT INTO `politicsstatus` VALUES ('11', '台盟盟员');
INSERT INTO `politicsstatus` VALUES ('12', '无党派民主人士');
INSERT INTO `politicsstatus` VALUES ('13', '普通公民');

-- ----------------------------
-- Table structure for position
-- ----------------------------
DROP TABLE IF EXISTS `position`;
CREATE TABLE `position` (
  `id` int(11) NOT NULL AUTO_INCREMENT,
  `name` varchar(32) DEFAULT NULL COMMENT '职位',
  `createDate` timestamp NULL DEFAULT CURRENT_TIMESTAMP,
  `enabled` tinyint(1) DEFAULT '1',
  PRIMARY KEY (`id`),
  UNIQUE KEY `name` (`name`)
) ENGINE=InnoDB AUTO_INCREMENT=35 DEFAULT CHARSET=utf8;

-- ----------------------------
-- Records of position
-- ----------------------------
INSERT INTO `position` VALUES ('29', '校长', '2018-01-11 21:13:42', '1');
INSERT INTO `position` VALUES ('30', '主任', '2018-01-11 21:13:48', '1');
INSERT INTO `position` VALUES ('31', '学生会主席', '2018-01-11 21:13:56', '1');
INSERT INTO `position` VALUES ('33', '体育部部长', '2018-01-14 16:07:11', '1');
INSERT INTO `position` VALUES ('34', '文艺部部长', '2018-01-14 16:11:41', '1');

-- ----------------------------
-- Table structure for role
-- ----------------------------
DROP TABLE IF EXISTS `role`;
CREATE TABLE `role` (
  `id` int(11) NOT NULL AUTO_INCREMENT,
  `name` varchar(64) DEFAULT NULL,
  `nameZh` varchar(64) DEFAULT NULL COMMENT '角色名称',
  PRIMARY KEY (`id`)
) ENGINE=InnoDB AUTO_INCREMENT=15 DEFAULT CHARSET=utf8;

-- ----------------------------
-- Records of role
-- ----------------------------
INSERT INTO `role` VALUES ('1', 'ROLE_admin', '系统管理员');
INSERT INTO `role` VALUES ('2', 'ROLE_picture', '图片管理员');
INSERT INTO `role` VALUES ('3', 'ROLE_place', '地点管理员');
INSERT INTO `role` VALUES ('4', 'ROLE_guide', '导游管理员');
INSERT INTO `role` VALUES ('5', 'ROLE_test2', '测试角色2');
INSERT INTO `role` VALUES ('6', 'ROLE_test1', '测试角色1');

-- ----------------------------
-- Table structure for sysmsg
-- ----------------------------
DROP TABLE IF EXISTS `sysmsg`;
CREATE TABLE `sysmsg` (
  `id` int(11) NOT NULL AUTO_INCREMENT,
  `mid` int(11) DEFAULT NULL COMMENT '消息id',
  `type` int(11) DEFAULT '0' COMMENT '0表示群发消息',
  `hrid` int(11) DEFAULT NULL COMMENT '这条消息是给谁的',
  `state` int(11) DEFAULT '0' COMMENT '0 未读 1 已读',
  PRIMARY KEY (`id`),
  KEY `hrid` (`hrid`),
  KEY `sysmsg_ibfk_1` (`mid`),
  CONSTRAINT `sysmsg_ibfk_1` FOREIGN KEY (`mid`) REFERENCES `msgcontent` (`id`),
  CONSTRAINT `sysmsg_ibfk_2` FOREIGN KEY (`hrid`) REFERENCES `hr` (`id`)
) ENGINE=InnoDB AUTO_INCREMENT=82 DEFAULT CHARSET=utf8;

-- ----------------------------
-- Records of sysmsg
-- ----------------------------
